<?xml version="1.0" encoding="utf-8"?>
<SkillData xmlns:xsd="http://www.w3.org/2001/XMLSchema" xmlns:xsi="http://www.w3.org/2001/XMLSchema-instance">
  <dataName>skill800001</dataName>
  <netOpenName>
    <id>900000</id>
    <str>vシステム</str>
    <data />
  </netOpenName>
  <disableFlag>false</disableFlag>
  <name>
    <id>800001</id>
    <str>技能001</str>
    <data />
  </name>
  <seedName>技能001の技能种子</seedName>
  <defaultHave>false</defaultHave>
  <category>
    <id>0</id>
    <str>None</str>
    <data>None</data>
  </category>
  <releaseTagName>
    <id>12</id>
    <str>v2 2.00.00</str>
    <data />
  </releaseTagName>
  <infoTxtFile>
    <path>800001.txt</path>
  </infoTxtFile>
  <maxLv>999</maxLv>
  <growthExLv />
  <counterType>0</counterType>
  <useLimit>false</useLimit>
  <useNum>0</useNum>
  <growthUseNum />
  <priority>0</priority>
  <substances>
    <SkillSubstanceData>
      <type>0</type>
      <gaugeAssist>
        <skillIconType>4</skillIconType>
        <notesGroupJudge>false</notesGroupJudge>
        <preconditionA>
          <ratio>100</ratio>
          <charaLv>1</charaLv>
          <expressionType>0</expressionType>
        </preconditionA>
        <preconditionB>
          <use>false</use>
          <targetType>0</targetType>
          <targetNum>0</targetNum>
          <expressionType>0</expressionType>
        </preconditionB>
        <preconditionB2>
          <use>false</use>
          <targetType>0</targetType>
          <targetNum>0</targetNum>
          <expressionType>0</expressionType>
        </preconditionB2>
        <logicalType>0</logicalType>
        <timing>
          <scene>0</scene>
          <useSection>false</useSection>
          <section>
            <rateSetting>true</rateSetting>
            <startPos>0</startPos>
            <endPos>0</endPos>
          </section>
          <missNum>0</missNum>
          <comboNum>1000</comboNum>
          <chainNum>0</chainNum>
          <chainCut>false</chainCut>
          <award>0</award>
          <gaugeNum>-1</gaugeNum>
          <time>0</time>
          <ratio>0</ratio>
          <judgeAlways>false</judgeAlways>
          <notesTypes>
            <list />
          </notesTypes>
          <notesPos>0</notesPos>
          <notesJudgeResultRange>0</notesJudgeResultRange>
          <notesJudgeResultID>
            <id>-1</id>
            <str>Invalid</str>
            <data />
          </notesJudgeResultID>
        </timing>
        <useNumNoAccess>false</useNumNoAccess>
        <useNumChgValue>1</useNumChgValue>
        <notesGaugeNoAdd>false</notesGaugeNoAdd>
        <valueAddGauge>5</valueAddGauge>
        <valueGrowthAddGauge />
        <rateAddGauge>0</rateAddGauge>
        <rateGrowthAddGauge />
      </gaugeAssist>
      <gaugeKeep>
        <skillIconType>4</skillIconType>
        <gaugeNum>0</gaugeNum>
        <section>
          <rateSetting>true</rateSetting>
          <startPos>0</startPos>
          <endPos>0</endPos>
        </section>
      </gaugeKeep>
      <damageGuard>
        <skillIconType>2</skillIconType>
        <notesTypes>
          <list />
        </notesTypes>
        <notesGroupJudge>false</notesGroupJudge>
        <useNumNoAccess>false</useNumNoAccess>
        <damageRate>100</damageRate>
        <growthDamageRate />
        <section>
          <rateSetting>true</rateSetting>
          <startPos>0</startPos>
          <endPos>0</endPos>
        </section>
        <preconditionB>
          <use>false</use>
          <targetType>0</targetType>
          <targetNum>0</targetNum>
          <expressionType>0</expressionType>
        </preconditionB>
      </damageGuard>
      <deathPenalty>
        <skillIconType>10</skillIconType>
        <enableGaugeNum>false</enableGaugeNum>
        <gaugeNum>0</gaugeNum>
        <notesJudgeResultID>
          <id>-1</id>
          <str>Invalid</str>
          <data />
        </notesJudgeResultID>
        <countNum>0</countNum>
        <enablePossibleMaxComboNum>false</enablePossibleMaxComboNum>
        <possibleMaxComboNum>0</possibleMaxComboNum>
        <enableLostScoreNum>false</enableLostScoreNum>
        <lostScoreNum>0</lostScoreNum>
        <enableSkillCounterZero>false</enableSkillCounterZero>
      </deathPenalty>
      <changeJudgeIni>
        <skillIconType>8</skillIconType>
        <iniFileName>
          <id>-1</id>
          <str>Invalid</str>
          <data />
        </iniFileName>
      </changeJudgeIni>
      <changeJudgeResult>
        <skillIconType>8</skillIconType>
        <notesJudgeResultID>
          <id>-1</id>
          <str>Invalid</str>
          <data />
        </notesJudgeResultID>
      </changeJudgeResult>
      <changeImg>
        <skillIconType>0</skillIconType>
        <imgType>0</imgType>
      </changeImg>
      <changeSpeed>
        <skillIconType>9</skillIconType>
        <playOptionSpeedID>
          <id>-1</id>
          <str>Invalid</str>
          <data />
        </playOptionSpeedID>
      </changeSpeed>
    </SkillSubstanceData>
  </substances>
</SkillData>