<?xml version="1.0" encoding="utf-8"?>
<SkillData xmlns:xsd="http://www.w3.org/2001/XMLSchema" xmlns:xsi="http://www.w3.org/2001/XMLSchema-instance">
  <dataName>skill000000</dataName>
  <netOpenName>
    <id>2000</id>
    <str>v2_00 00_0</str>
    <data />
  </netOpenName>
  <disableFlag>false</disableFlag>
  <name>
    <id>0</id>
    <str>没有技能</str>
    <data />
  </name>
  <seedName>没有技能の技能种子</seedName>
  <defaultHave>true</defaultHave>
  <category>
    <id>0</id>
    <str>None</str>
    <data>None</data>
  </category>
  <releaseTagName>
    <id>11</id>
    <str>v1 1.55.00</str>
    <data />
  </releaseTagName>
  <infoTxtFile>
    <path>0.txt</path>
  </infoTxtFile>
  <maxLv>1</maxLv>
  <growthExLv />
  <counterType>0</counterType>
  <useLimit>false</useLimit>
  <useNum>0</useNum>
  <growthUseNum />
  <priority>0</priority>
  <substances />
</SkillData>