<?xml version="1.0" encoding="utf-8"?>
<TicketData xmlns:xsd="http://www.w3.org/2001/XMLSchema" xmlns:xsi="http://www.w3.org/2001/XMLSchema-instance">
  <dataName>ticket003060</dataName>
  <name>
    <id>3060</id>
    <str>角色等级上升×6功能票（赠品）</str>
    <data />
  </name>
  <type>0</type>
  <target>1</target>
  <explainText>角色等级上升(×6)／
MASTER、ULTIMA、WORLD'S END可游玩／
头像等级×2／队伍得分加成×2.4</explainText>
  <stockMaxNum>0</stockMaxNum>
  <chargeBonus>100</chargeBonus>
  <chargeBonusTeam>140</chargeBonusTeam>
  <chargeBonusAvatar>100</chargeBonusAvatar>
  <playRewardPoint>1</playRewardPoint>
  <numChargeCredit>1</numChargeCredit>
  <battlePointCoefMonthly>12</battlePointCoefMonthly>
  <battlePointCoefEmperor>20</battlePointCoefEmperor>
  <commonData>
    <list>
      <TicketCommonSubstanceData>
        <type>0</type>
        <playAssist>
          <dispType>9</dispType>
          <markType>0</markType>
          <useChargeSetting>true</useChargeSetting>
          <addBoostCharaExpRaw>0</addBoostCharaExpRaw>
          <addPlayLock>true</addPlayLock>
          <addMapSkip>true</addMapSkip>
          <addPlayMasLock>false</addPlayMasLock>
        </playAssist>
        <charaItem>
          <dmy>0</dmy>
        </charaItem>
      </TicketCommonSubstanceData>
    </list>
  </commonData>
  <priority>0</priority>
  <substances>
    <type>0</type>
    <boostCharaExp>
      <valueBoostRaw>60</valueBoostRaw>
    </boostCharaExp>
    <playMaster />
    <playUltima />
    <playWorldsEnd />
    <mapProgress>
      <valueMultiple>0</valueMultiple>
      <valueMultipleRaw>20</valueMultipleRaw>
    </mapProgress>
    <unlockCharaRank>
      <addRankLimit>0</addRankLimit>
      <needNum>1</needNum>
      <dispType>0</dispType>
    </unlockCharaRank>
    <playMusicPlus>
      <valuePlusRaw>0</valuePlusRaw>
    </playMusicPlus>
    <recycleCharaExp>
      <needExp>0</needExp>
      <addExp>0</addExp>
    </recycleCharaExp>
  </substances>
</TicketData>