<?xml version="1.0" encoding="utf-8"?>
<SerializeSortData xmlns:xsd="http://www.w3.org/2001/XMLSchema" xmlns:xsi="http://www.w3.org/2001/XMLSchema-instance">
  <dataName>ticket</dataName>
  <SortList>
    <StringID>
      <id>5510</id>
      <str />
      <data />
    </StringID>
    <StringID>
      <id>10007</id>
      <str />
      <data />
    </StringID>
    <StringID>
      <id>10008</id>
      <str />
      <data />
    </StringID>
    <StringID>
      <id>10009</id>
      <str />
      <data />
    </StringID>
    <StringID>
      <id>110</id>
      <str />
      <data />
    </StringID>
    <StringID>
      <id>312</id>
      <str />
      <data />
    </StringID>
    <StringID>
      <id>313</id>
      <str />
      <data />
    </StringID>
    <StringID>
      <id>320</id>
      <str />
      <data />
    </StringID>
    <StringID>
      <id>5020</id>
      <str />
      <data />
    </StringID>
    <StringID>
      <id>5040</id>
      <str />
      <data />
    </StringID>
    <StringID>
      <id>5060</id>
      <str />
      <data />
    </StringID>
    <StringID>
      <id>5070</id>
      <str />
      <data />
    </StringID>
    <StringID>
      <id>5080</id>
      <str />
      <data />
    </StringID>
    <StringID>
      <id>321</id>
      <str />
      <data />
    </StringID>
    <StringID>
      <id>302</id>
      <str />
      <data />
    </StringID>
    <StringID>
      <id>402</id>
      <str />
      <data />
    </StringID>
    <StringID>
      <id>601</id>
      <str />
      <data />
    </StringID>
    <StringID>
      <id>701</id>
      <str />
      <data />
    </StringID>
    <StringID>
      <id>3060</id>
      <str />
      <data />
    </StringID>
    <StringID>
      <id>3090</id>
      <str />
      <data />
    </StringID>
    <StringID>
      <id>2020</id>
      <str />
      <data />
    </StringID>
    <StringID>
      <id>2040</id>
      <str />
      <data />
    </StringID>
    <StringID>
      <id>2060</id>
      <str />
      <data />
    </StringID>
    <StringID>
      <id>2070</id>
      <str />
      <data />
    </StringID>
    <StringID>
      <id>2080</id>
      <str />
      <data />
    </StringID>
    <StringID>
      <id>8000</id>
      <str />
      <data />
    </StringID>
    <StringID>
      <id>8010</id>
      <str />
      <data />
    </StringID>
    <StringID>
      <id>8020</id>
      <str />
      <data />
    </StringID>
    <StringID>
      <id>8030</id>
      <str />
      <data />
    </StringID>
  </SortList>
</SerializeSortData>