<?xml version="1.0" encoding="utf-8"?>
<TicketData xmlns:xsd="http://www.w3.org/2001/XMLSchema" xmlns:xsi="http://www.w3.org/2001/XMLSchema-instance">
  <dataName>ticket008030</dataName>
  <name>
    <id>8030</id>
    <str>彩虹雕像</str>
    <data />
  </name>
  <type>5</type>
  <target>2</target>
  <explainText>可于等级50的突破界限时使用此道具</explainText>
  <stockMaxNum>999</stockMaxNum>
  <chargeBonus>0</chargeBonus>
  <chargeBonusTeam>0</chargeBonusTeam>
  <commonData>
    <list>
      <TicketCommonSubstanceData>
        <type>1</type>
        <playAssist>
          <dispType>0</dispType>
          <markType>0</markType>
          <useChargeSetting>false</useChargeSetting>
          <addBoostCharaExpRaw>0</addBoostCharaExpRaw>
          <addPlayLock>false</addPlayLock>
          <addMapSkip>false</addMapSkip>
        </playAssist>
        <charaItem>
          <dmy>0</dmy>
        </charaItem>
      </TicketCommonSubstanceData>
    </list>
  </commonData>
  <priority>0</priority>
  <substances>
    <type>5</type>
    <boostCharaExp>
      <valueBoostRaw>0</valueBoostRaw>
    </boostCharaExp>
    <playMaster />
    <playUltima />
    <playWorldsEnd />
    <mapProgress>
      <valueMultiple>0</valueMultiple>
      <valueMultipleRaw>20</valueMultipleRaw>
    </mapProgress>
    <unlockCharaRank>
      <addRankLimit>5</addRankLimit>
      <needNum>1</needNum>
      <dispType>3</dispType>
    </unlockCharaRank>
  </substances>
</TicketData>