<?xml version="1.0" encoding="utf-8"?>
<TicketData xmlns:xsd="http://www.w3.org/2001/XMLSchema" xmlns:xsi="http://www.w3.org/2001/XMLSchema-instance">
  <dataName>ticket000320</dataName>
  <name>
    <id>320</id>
    <str>角色等级超级加成功能票（赠品）</str>
    <data />
  </name>
  <type>7</type>
  <target>1</target>
  <explainText>只有第一首乐曲可获得大量经验
（不适用于每日奖励）／MASTER可游玩　(最大数：1)</explainText>
  <stockMaxNum>1</stockMaxNum>
  <chargeBonus>0</chargeBonus>
  <chargeBonusTeam>0</chargeBonusTeam>
  <chargeBonusAvatar>0</chargeBonusAvatar>
  <playRewardPoint>0</playRewardPoint>
  <numChargeCredit>0</numChargeCredit>
  <battlePointCoefMonthly>10</battlePointCoefMonthly>
  <battlePointCoefEmperor>10</battlePointCoefEmperor>
  <commonData>
    <list>
      <TicketCommonSubstanceData>
        <type>0</type>
        <playAssist>
          <dispType>7</dispType>
          <markType>1</markType>
          <useChargeSetting>false</useChargeSetting>
          <addBoostCharaExpRaw>0</addBoostCharaExpRaw>
          <addPlayLock>false</addPlayLock>
          <addMapSkip>true</addMapSkip>
          <addPlayMasLock>true</addPlayMasLock>
        </playAssist>
        <charaItem>
          <dmy>0</dmy>
        </charaItem>
      </TicketCommonSubstanceData>
    </list>
  </commonData>
  <priority>0</priority>
  <substances>
    <type>7</type>
    <boostCharaExp>
      <valueBoostRaw>0</valueBoostRaw>
    </boostCharaExp>
    <playMaster />
    <playUltima />
    <playWorldsEnd />
    <mapProgress>
      <valueMultiple>0</valueMultiple>
      <valueMultipleRaw>20</valueMultipleRaw>
    </mapProgress>
    <unlockCharaRank>
      <addRankLimit>0</addRankLimit>
      <needNum>1</needNum>
      <dispType>0</dispType>
    </unlockCharaRank>
    <playMusicPlus>
      <valuePlusRaw>0</valuePlusRaw>
    </playMusicPlus>
    <recycleCharaExp>
      <needExp>1000</needExp>
      <addExp>690</addExp>
    </recycleCharaExp>
  </substances>
</TicketData>