<?xml version="1.0" encoding="utf-8"?>
<TicketData xmlns:xsd="http://www.w3.org/2001/XMLSchema" xmlns:xsi="http://www.w3.org/2001/XMLSchema-instance">
  <dataName>ticket005040</dataName>
  <name>
    <id>5040</id>
    <str>地图前进速度3倍功能票 (礼物)</str>
    <data />
  </name>
  <type>4</type>
  <target>1</target>
  <explainText>地图前进速度×3／角色等级上升(×3)／
MASTER、ULTIMA、WORLD'S END可游玩</explainText>
  <stockMaxNum>99</stockMaxNum>
  <chargeBonus>0</chargeBonus>
  <chargeBonusTeam>0</chargeBonusTeam>
  <commonData>
    <list>
      <TicketCommonSubstanceData>
        <type>0</type>
        <playAssist>
          <dispType>6</dispType>
          <markType>1</markType>
          <useChargeSetting>false</useChargeSetting>
          <addBoostCharaExpRaw>3</addBoostCharaExpRaw>
          <addPlayLock>true</addPlayLock>
          <addMapSkip>false</addMapSkip>
        </playAssist>
        <charaItem>
          <dmy>0</dmy>
        </charaItem>
      </TicketCommonSubstanceData>
    </list>
  </commonData>
  <priority>0</priority>
  <substances>
    <type>4</type>
    <boostCharaExp>
      <valueBoostRaw>0</valueBoostRaw>
    </boostCharaExp>
    <playMaster />
    <playUltima />
    <playWorldsEnd />
    <mapProgress>
      <valueMultiple>1</valueMultiple>
      <valueMultipleRaw>30</valueMultipleRaw>
    </mapProgress>
    <unlockCharaRank>
      <addRankLimit>0</addRankLimit>
      <needNum>1</needNum>
      <dispType>0</dispType>
    </unlockCharaRank>
  </substances>
</TicketData>