<?xml version="1.0" encoding="utf-8"?>
<TicketData xmlns:xsd="http://www.w3.org/2001/XMLSchema" xmlns:xsi="http://www.w3.org/2001/XMLSchema-instance">
  <dataName>ticket002020</dataName>
  <name>
    <id>2020</id>
    <str>地图前进速度2倍功能票</str>
    <data />
  </name>
  <type>4</type>
  <target>1</target>
  <explainText>地图前进速度×2／角色等级上升(×3)／
MASTER、ULTIMA、WORLD'S END可游玩</explainText>
  <stockMaxNum>0</stockMaxNum>
  <chargeBonus>10000</chargeBonus>
  <chargeBonusTeam>14000</chargeBonusTeam>
  <commonData>
    <list>
      <TicketCommonSubstanceData>
        <type>0</type>
        <playAssist>
          <dispType>6</dispType>
          <markType>0</markType>
          <useChargeSetting>true</useChargeSetting>
          <addBoostCharaExpRaw>300</addBoostCharaExpRaw>
          <addPlayLock>true</addPlayLock>
          <addMapSkip>true</addMapSkip>
        </playAssist>
        <charaItem>
          <dmy>0</dmy>
        </charaItem>
      </TicketCommonSubstanceData>
    </list>
  </commonData>
  <priority>0</priority>
  <substances>
    <type>4</type>
    <boostCharaExp>
      <valueBoostRaw>0</valueBoostRaw>
    </boostCharaExp>
    <playMaster />
    <playUltima />
    <playWorldsEnd />
    <mapProgress>
      <valueMultiple>0</valueMultiple>
      <valueMultipleRaw>2000</valueMultipleRaw>
    </mapProgress>
    <unlockCharaRank>
      <addRankLimit>0</addRankLimit>
      <needNum>1</needNum>
      <dispType>0</dispType>
    </unlockCharaRank>
  </substances>
</TicketData>