<?xml version="1.0" encoding="utf-8"?>
<TicketData xmlns:xsd="http://www.w3.org/2001/XMLSchema" xmlns:xsi="http://www.w3.org/2001/XMLSchema-instance">
  <dataName>ticket000312</dataName>
  <name>
    <id>312</id>
    <str>角色等级上升×6功能票</str>
    <data />
  </name>
  <type>0</type>
  <target>1</target>
  <explainText>角色等级上升(×6)／MASTER可游玩／
队伍得分加成×1.5</explainText>
  <stockMaxNum>99</stockMaxNum>
  <chargeBonus>0</chargeBonus>
  <chargeBonusTeam>50</chargeBonusTeam>
  <chargeBonusAvatar>0</chargeBonusAvatar>
  <playRewardPoint>0</playRewardPoint>
  <numChargeCredit>0</numChargeCredit>
  <battlePointCoefMonthly>10</battlePointCoefMonthly>
  <battlePointCoefEmperor>10</battlePointCoefEmperor>
  <commonData>
    <list>
      <TicketCommonSubstanceData>
        <type>0</type>
        <playAssist>
          <dispType>1</dispType>
          <markType>1</markType>
          <useChargeSetting>false</useChargeSetting>
          <addBoostCharaExpRaw>0</addBoostCharaExpRaw>
          <addPlayLock>false</addPlayLock>
          <addMapSkip>true</addMapSkip>
          <addPlayMasLock>true</addPlayMasLock>
        </playAssist>
        <charaItem>
          <dmy>0</dmy>
        </charaItem>
      </TicketCommonSubstanceData>
    </list>
  </commonData>
  <priority>0</priority>
  <substances>
    <type>0</type>
    <boostCharaExp>
      <valueBoostRaw>60</valueBoostRaw>
    </boostCharaExp>
    <playMaster />
    <playUltima />
    <playWorldsEnd />
    <mapProgress>
      <valueMultiple>0</valueMultiple>
      <valueMultipleRaw>20</valueMultipleRaw>
    </mapProgress>
    <unlockCharaRank>
      <addRankLimit>0</addRankLimit>
      <needNum>1</needNum>
      <dispType>0</dispType>
    </unlockCharaRank>
    <playMusicPlus>
      <valuePlusRaw>0</valuePlusRaw>
    </playMusicPlus>
    <recycleCharaExp>
      <needExp>0</needExp>
      <addExp>0</addExp>
    </recycleCharaExp>
  </substances>
</TicketData>