<?xml version="1.0" encoding="utf-8"?>
<TicketData xmlns:xsd="http://www.w3.org/2001/XMLSchema" xmlns:xsi="http://www.w3.org/2001/XMLSchema-instance">
  <dataName>ticket002070</dataName>
  <name>
    <id>2070</id>
    <str>地图前进速度5倍功能票（赠品）</str>
    <data />
  </name>
  <type>4</type>
  <target>1</target>
  <explainText>地图前进速度×5／角色等级上升(×2)／
MASTER、ULTIMA、WORLD'S END可游玩
头像等级x2／队伍得分加成×8</explainText>
  <stockMaxNum>0</stockMaxNum>
  <chargeBonus>400</chargeBonus>
  <chargeBonusTeam>700</chargeBonusTeam>
  <chargeBonusAvatar>100</chargeBonusAvatar>
  <playRewardPoint>4</playRewardPoint>
  <numChargeCredit>4</numChargeCredit>
  <battlePointCoefMonthly>15</battlePointCoefMonthly>
  <battlePointCoefEmperor>50</battlePointCoefEmperor>
  <commonData>
    <list>
      <TicketCommonSubstanceData>
        <type>0</type>
        <playAssist>
          <dispType>6</dispType>
          <markType>0</markType>
          <useChargeSetting>true</useChargeSetting>
          <addBoostCharaExpRaw>60</addBoostCharaExpRaw>
          <addPlayLock>true</addPlayLock>
          <addMapSkip>true</addMapSkip>
          <addPlayMasLock>false</addPlayMasLock>
        </playAssist>
        <charaItem>
          <dmy>0</dmy>
        </charaItem>
      </TicketCommonSubstanceData>
    </list>
  </commonData>
  <priority>0</priority>
  <substances>
    <type>4</type>
    <boostCharaExp>
      <valueBoostRaw>0</valueBoostRaw>
    </boostCharaExp>
    <playMaster />
    <playUltima />
    <playWorldsEnd />
    <mapProgress>
      <valueMultiple>3</valueMultiple>
      <valueMultipleRaw>50</valueMultipleRaw>
    </mapProgress>
    <unlockCharaRank>
      <addRankLimit>0</addRankLimit>
      <needNum>1</needNum>
      <dispType>0</dispType>
    </unlockCharaRank>
    <playMusicPlus>
      <valuePlusRaw>0</valuePlusRaw>
    </playMusicPlus>
    <recycleCharaExp>
      <needExp>0</needExp>
      <addExp>0</addExp>
    </recycleCharaExp>
  </substances>
</TicketData>