<?xml version="1.0" encoding="utf-8"?>
<SerializeSortData xmlns:xsd="http://www.w3.org/2001/XMLSchema" xmlns:xsi="http://www.w3.org/2001/XMLSchema-instance">
  <dataName>skill</dataName>
  <SortList>
    <StringID>
      <id>0</id>
      <str />
      <data />
    </StringID>
    <StringID>
      <id>100000</id>
      <str />
      <data />
    </StringID>
    <StringID>
      <id>101000</id>
      <str />
      <data />
    </StringID>
    <StringID>
      <id>100001</id>
      <str />
      <data />
    </StringID>
    <StringID>
      <id>100002</id>
      <str />
      <data />
    </StringID>
    <StringID>
      <id>101001</id>
      <str />
      <data />
    </StringID>
    <StringID>
      <id>100003</id>
      <str />
      <data />
    </StringID>
    <StringID>
      <id>101002</id>
      <str />
      <data />
    </StringID>
    <StringID>
      <id>100004</id>
      <str />
      <data />
    </StringID>
    <StringID>
      <id>101003</id>
      <str />
      <data />
    </StringID>
    <StringID>
      <id>100005</id>
      <str />
      <data />
    </StringID>
    <StringID>
      <id>101004</id>
      <str />
      <data />
    </StringID>
    <StringID>
      <id>100006</id>
      <str />
      <data />
    </StringID>
    <StringID>
      <id>101005</id>
      <str />
      <data />
    </StringID>
    <StringID>
      <id>101006</id>
      <str />
      <data />
    </StringID>
    <StringID>
      <id>101007</id>
      <str />
      <data />
    </StringID>
    <StringID>
      <id>100007</id>
      <str />
      <data />
    </StringID>
    <StringID>
      <id>100008</id>
      <str />
      <data />
    </StringID>
    <StringID>
      <id>101008</id>
      <str />
      <data />
    </StringID>
    <StringID>
      <id>100009</id>
      <str />
      <data />
    </StringID>
    <StringID>
      <id>100010</id>
      <str />
      <data />
    </StringID>
    <StringID>
      <id>100011</id>
      <str />
      <data />
    </StringID>
    <StringID>
      <id>100012</id>
      <str />
      <data />
    </StringID>
    <StringID>
      <id>100013</id>
      <str />
      <data />
    </StringID>
    <StringID>
      <id>800001</id>
      <str />
      <data />
    </StringID>
    <StringID>
      <id>800002</id>
      <str />
      <data />
    </StringID>
    <StringID>
      <id>800003</id>
      <str />
      <data />
    </StringID>
  </SortList>
</SerializeSortData>